pickup,delivery,distance,equipment,weight,date,predicted_rate
Lexington,Fort Wayne,360,Dry Van,32000,12/1/2025,804.64
Lexington,Fort Wayne,360,Dry Van,32000,12/2/2025,808.28
Lexington,Fort Wayne,360,Dry Van,32000,12/3/2025,813.64
Lexington,Fort Wayne,360,Dry Van,32000,12/4/2025,803.13
Lexington,Fort Wayne,360,Dry Van,32000,12/5/2025,813.79
Lexington,Fort Wayne,360,Dry Van,32000,12/6/2025,804.21
Lexington,Fort Wayne,360,Dry Van,32000,12/7/2025,803.65
Lexington,Fort Wayne,360,Dry Van,32000,12/8/2025,802.56
Lexington,Fort Wayne,360,Dry Van,32000,12/9/2025,811.06
Lexington,Fort Wayne,360,Dry Van,32000,12/10/2025,814.46
Lexington,Fort Wayne,360,Dry Van,32000,12/11/2025,815.77
Lexington,Fort Wayne,360,Dry Van,32000,12/12/2025,811.29
Lexington,Fort Wayne,360,Dry Van,32000,12/13/2025,807.28
Lexington,Fort Wayne,360,Dry Van,32000,12/14/2025,804.26
Lexington,Fort Wayne,360,Dry Van,32000,12/15/2025,804.64
Lexington,Fort Wayne,360,Dry Van,32000,12/16/2025,795.07
Lexington,Fort Wayne,360,Dry Van,32000,12/17/2025,811.79
Lexington,Fort Wayne,360,Dry Van,32000,12/18/2025,813.45
Lexington,Fort Wayne,360,Dry Van,32000,12/19/2025,811.05
Lexington,Fort Wayne,360,Dry Van,32000,12/20/2025,790.42
Lexington,Fort Wayne,360,Dry Van,32000,12/21/2025,807.07
Lexington,Fort Wayne,360,Dry Van,32000,12/22/2025,801.97
Lexington,Fort Wayne,360,Dry Van,32000,12/23/2025,810.28
Lexington,Fort Wayne,360,Dry Van,32000,12/24/2025,815.45
Lexington,Fort Wayne,360,Dry Van,32000,12/25/2025,815.57
Lexington,Fort Wayne,360,Dry Van,32000,12/26/2025,814.46
Lexington,Fort Wayne,360,Dry Van,32000,12/27/2025,807.92
Lexington,Fort Wayne,360,Dry Van,32000,12/28/2025,801.6
Lexington,Fort Wayne,360,Dry Van,32000,12/29/2025,804.01
Lexington,Fort Wayne,360,Dry Van,32000,12/30/2025,812.77
Lexington,Fort Wayne,360,Dry Van,32000,12/31/2025,812.11
